run,model,seed,dropout,gate_dropout,learning_rate,negative_sampling_ratio,auxiliary_cvr_weight,parameter_count,best_epoch,best_validation_score,total_seconds,test_ctr_auc,test_ctr_gauc,test_ctr_log_loss,test_cvr_auc,test_cvr_gauc,test_cvr_log_loss,test_ctcvr_auc,test_ctcvr_gauc,test_ctcvr_log_loss,platt_test_ctcvr_auc,platt_test_ctcvr_log_loss,platt_test_ctcvr_ece
dcn_ple_aliccp_full_20260915_114441,dcn_ple,2026,0.1,0.0,0.001,,,81976584,1,0.653187932932416,1546.5109987193719,0.6196463848390623,0.5867983324019019,0.16300564736219772,0.6762444948545551,0.6367709252299353,0.03543046155188115,0.6621160540489277,0.6250338709377107,0.0021683123214441733,0.6582529780233607,0.0019760502331351583,1.3708929560816463e-05
dcn_ple_esmm_aliccp_full_20260914_204134,dcn_ple_esmm,2026,0.1,0.0,0.001,,,81976584,3,0.6650333662771933,2879.559404409956,0.6254792322327033,0.5899694379050312,0.16161537567677417,0.6918034448839278,0.6279206803891013,0.03339041511651383,0.6726639141312394,0.6234188563976026,0.0020140591909223785,0.6720035751457953,0.001971104706302553,2.2789764221448393e-05
dcn_ple_esmm_aliccp_full_aux_cvr_1_20_w002_seed_2027_20260916_155500,dcn_ple_esmm,2027,0.2,0.0,0.001,,0.02,81976584,2,0.6627573678603688,2689.1604502670234,0.6267914616698406,0.5909053546046684,0.1607550500090431,0.7038690827445944,0.6431442082755591,0.04272888896102261,0.6809514758126751,0.6314040210508006,0.002416139086129329,0.6790151935574562,0.001966810762928588,1.3388613760800368e-05
dcn_ple_esmm_aliccp_full_aux_cvr_1_20_w002_seed_2028_20260916_155508,dcn_ple_esmm,2028,0.2,0.0,0.001,,0.02,81976584,2,0.6445389919108979,2702.6642216530163,0.6265996467839638,0.5913951607125053,0.16077838121495527,0.6634613968900224,0.6282085651685275,0.06246795924503625,0.6559304350645759,0.6176640151769055,0.003176638549695792,0.6474469193769771,0.001983868173496735,2.0389618837944604e-05
dcn_ple_esmm_aliccp_full_aux_cvr_negative_1_20_20260915_004430,dcn_ple_esmm,2026,0.1,0.0,0.001,,0.1,81976584,1,0.6506265896220107,1921.805664456915,0.6197164594104981,0.5877464765417448,0.1618600895256415,0.6779450306408626,0.6374947819857297,0.061758734451543076,0.6622899050505768,0.6242012722950752,0.0033063600852025503,,,
dcn_ple_esmm_aliccp_full_dropout_01_seed_2027_20260915_184304,dcn_ple_esmm,2027,0.1,0.0,0.001,,,81976584,2,0.6551304124627947,2005.1179739180952,0.6254392583684423,0.5907021146822474,0.1608203022518748,0.6882196472794037,0.6428441475729448,0.03365608134132766,0.6685327719516662,0.6247676075828894,0.002009391895779928,,,
dcn_ple_esmm_aliccp_full_dropout_01_seed_2028_20260915_192330,dcn_ple_esmm,2028,0.1,0.0,0.001,,,81976584,3,0.645721664604854,2406.980607530102,0.6281355485631251,0.5928234620397188,0.1614262201194663,0.6666770665177535,0.6342454113098767,0.03527847377780362,0.6558958721610809,0.6161694879933818,0.0021057532376301245,,,
dcn_ple_esmm_aliccp_full_dropout_02_20260915_154204,dcn_ple_esmm,2026,0.2,0.0,0.001,,,81976584,2,0.660525151815699,2069.1414693892,0.627595394506377,0.59000638196226,0.1617309892564172,0.6928568249481892,0.6358996960971773,0.034892721705670295,0.6778737811941593,0.6223925076230936,0.002048552112931136,0.675274469271128,0.001969860795589657,1.9904927407068927e-05
dcn_ple_esmm_aliccp_full_dropout_02_aux_cvr_negative_1_20_weight_002_seed_2026,dcn_ple_esmm,2026,0.2,0.0,0.001,,0.02,81976584,3,0.6650717588214536,2758.870584077202,0.6262818616000042,0.5893873084068422,0.1616849307181951,0.6939992375993862,0.6283147553328315,0.03978506679434283,0.6766271087503432,0.6236523574732316,0.0023516317137423724,0.6759115347547875,0.00196929659485406,1.6599737221429297e-05
dcn_ple_esmm_aliccp_full_dropout_02_gate_dropout_01_seed_2026,dcn_ple_esmm,2026,0.2,0.1,0.001,,,81976584,3,0.6523877566441957,2581.0412448318675,0.6230023117406166,0.5881066057934969,0.1618527421946694,0.6760004573255173,0.6360180126864076,0.03362481672590117,0.6653523168004662,0.6288976293023821,0.00203495492416239,0.661808387448328,0.001977030633098117,2.1867343667238655e-05
dcn_ple_esmm_aliccp_full_dropout_02_seed_2027_20260915_201901,dcn_ple_esmm,2027,0.2,0.0,0.001,,,81976584,3,0.6575085337916801,2393.6763847963884,0.6237886974099828,0.5901540120605787,0.16119533486817167,0.6896464352404005,0.6354576868202062,0.03332218407633921,0.6694111413925355,0.6245142896247443,0.0020068294167436725,0.6661000660231506,0.0019742737287311404,1.4454491047481398e-05
dcn_ple_esmm_aliccp_full_dropout_02_seed_2028_20260915_210537,dcn_ple_esmm,2028,0.2,0.0,0.001,,,81976584,3,0.6504861337196577,2430.105773758143,0.6289303517337427,0.5927355975835262,0.16135265857860537,0.671923234119526,0.631793115849718,0.03498459306833722,0.6608070511029791,0.621382222078329,0.0021023576504002376,0.6543878422032029,0.001979594283770333,2.0156775153808547e-05
dcn_ple_esmm_aliccp_full_lr_5e4_dropout_01_20260915_165601,dcn_ple_esmm,2026,0.1,0.0,0.0005,,,81976584,2,0.6525458504683147,2337.7544664610177,0.6294405974258502,0.5910172036259317,0.16205594460878603,0.6819734098088228,0.6283662966249656,0.03602408315640113,0.6662449666372203,0.6188708864451232,0.002102813240893582,0.6619234293631197,0.0019768081092252634,2.7116334693823796e-05
dcn_ple_esmm_aliccp_full_lr_5e4_dropout_02_20260915_170605,dcn_ple_esmm,2026,0.2,0.0,0.0005,,,81976584,1,0.6511575424437694,1884.4941934524104,0.620476714300527,0.5902929960036006,0.1621065929532583,0.6631573422547357,0.6297331610347175,0.033893212629281445,0.6519855708672198,0.6022053027381262,0.002038145909352791,0.6469079892930912,0.001982349923398396,1.5037056092269232e-05
dcn_ple_esmm_aliccp_full_negative_1_10_20260914_204306,dcn_ple_esmm,2026,0.1,0.0,0.001,10.0,,81976584,1,0.6420000194479232,932.1469191019423,0.6257260108850843,0.5893470499858697,0.19296739843980457,0.6679656405409651,0.6204697593754545,0.033888503658669064,0.6524721995436729,0.5983271552449726,0.002346360698095893,0.6471285578013072,0.0019822111488383702,1.4693786206042394e-05
dcn_ple_esmm_aliccp_full_negative_1_20_20260915_201018,dcn_ple_esmm,2026,0.1,0.0,0.001,20.0,,81976584,2,0.6580782779496724,1855.2925071648788,0.6291951403563689,0.5915066134449444,0.16485204999890135,0.6836098335700125,0.6334025320386995,0.03558241671014102,0.670302329210708,0.622709229646487,0.0020710275176380804,0.6665047895460018,0.001973395851743392,2.532824863485116e-05
dcn_ple_esmm_aliccp_full_negative_1_5_20260915_193815,dcn_ple_esmm,2026,0.1,0.0,0.001,5.0,,81976584,1,0.638030331755257,636.4984350430313,0.6259725217662113,0.5883771471771777,0.2626384597424813,0.6755015131241554,0.6307230865394982,0.035075695042670024,0.65895234257846,0.6134904395204652,0.003423052345138822,0.65099373419261,0.001980444922829773,1.8318525214981285e-05
dcnv2_aliccp_full_20260914_180014,dcnv2,2026,0.1,,0.001,,,81583601,2,0.6271145044254395,2469.423793602735,0.6271730867044533,0.590622046974109,0.16183020431372933,,,,,,,,,
deepfm_aliccp_full_20260914_164503,deepfm,2026,0.1,,0.001,,,86240868,4,0.5853382195523222,3431.8758990410715,0.5848009369151469,0.5884938912860519,0.18351654843378723,,,,,,,,,
esmm_aliccp_full_20260914_185437,esmm,2026,0.1,,0.001,,,81184178,2,0.6545492154695598,3226.219469394535,0.6228968200806518,0.5880525390305115,0.16205907318191498,0.6696918455307502,0.6334735631945948,0.03359761922841088,0.6539017470415424,0.6158179189523835,0.0019937274732423744,,,
lr_aliccp_full_20260914_114603,lr,2026,,,0.001,,,5065012,4,0.5700650214550539,11268.30926020071,0.5696359510055566,0.581511459618521,0.18934642225229248,,,,,,,,,
mmoe_aliccp_full_gate_dropout_00_20260914_200931,mmoe,2026,0.1,0.0,0.001,,,81569210,2,0.6502574920840039,2831.1745743546635,0.6229864208483928,0.5886255977555813,0.16284771613294594,0.6721765927854202,0.6202553333481469,0.035630812439617236,0.6610482058886425,0.611963518517316,0.002070392426707956,,,
mmoe_aliccp_full_gate_dropout_01_20260914_174355,mmoe,2026,0.1,0.1,0.001,,,81569210,2,0.6477665987926087,1950.8578307281714,0.621726328954156,0.5883330487270715,0.16229224577978965,0.6698814529427493,0.6264263275553368,0.035751289076453356,0.6592436975556947,0.6144250613463689,0.002077667145670269,,,
ple_aliccp_full_20260914_182919,ple,2026,0.1,0.0,0.001,,,81568472,1,0.6501281465492804,1622.9946798940655,0.6189285716350809,0.5859691199816585,0.16329810562065109,0.680956252209641,0.6379415147595706,0.03469192049620816,0.6632999093414121,0.6256647883421477,0.00213721714209457,,,
ple_aliccp_full_gate_dropout_01_20260914_192525,ple,2026,0.1,0.1,0.001,,,81568472,2,0.6500807604515385,2338.6546692298725,0.6249419126965654,0.5900096306079368,0.16216256796265596,0.6728396486716496,0.6239203780642854,0.035561492438863446,0.6633166109840525,0.6162056516650485,0.0020672903355767867,,,
ple_esmm_aliccp_full_20260915_160740,ple_esmm,2026,0.1,0.0,0.001,,,81568472,3,0.6560586999296305,2380.753931965679,0.624085765345177,0.5894255619600796,0.16134165230722408,0.6885075045693496,0.6420236961125918,0.03320276754975063,0.6673585326757372,0.6296096233831034,0.002011662790184696,0.665117612986668,0.0019744676527656095,2.2180188766994692e-05
shared_bottom_aliccp_full_20260914_164805,shared_bottom,2026,0.1,,0.001,,,81184178,2,0.6456899108424234,1657.014337369008,0.6204902015680972,0.5866690487053839,0.16248148565526094,0.6704436474142064,0.6196738450947982,0.03518450907786477,0.6568055679878494,0.6053912041994188,0.002058012517844366,,,
target_aware_dcn_ple_esmm_aliccp_full_20260914_224850,target_aware_dcn_ple_esmm,2026,0.1,0.0,0.001,,,81987212,2,0.6575304717424787,2920.031844234094,0.6270931549336847,0.5903826746351795,0.1617186529630581,0.6805379210140592,0.6372378300824212,0.03450020017102348,0.6703841714581814,0.6270059441630726,0.002047406566302665,,,
target_aware_dcn_ple_esmm_aliccp_full_dropout_02_seed_2026,target_aware_dcn_ple_esmm,2026,0.2,0.0,0.001,,,81987212,2,0.6549324483550624,2866.3880568230525,0.6278926538843005,0.5913951785600979,0.161585879400778,0.6796868175548947,0.6307426433670826,0.03569819088965273,0.6682473485241007,0.6190181719878993,0.0020801968255994684,0.6648137517546153,0.001974792945975131,1.5866322988502623e-05
